Name,Subject1,Subject2,Subject3,Total,Average,Grade
cloe,67.0,78.0,96.0,241.0,80.33333333333333,B
harsh,67.0,99.0,80.0,246.0,82.0,B
manish,88.0,72.0,83.0,243.0,81.0,B
zoey,92.0,84.0,98.0,274.0,91.33333333333333,A
rishe,83.0,92.0,99.0,274.0,91.33333333333333,A
